transaction_id,customer_name,timestamp,raw_timestamp,amount,merchant,category,country,distance_from_home_km,prev_txn_gap_mins,failed_auth_attempts,card_present,customer_age,account_age_days,label
TXN00001,Jack Anderson,2026-01-04 23:17:00,1767568620.0,199.44,Uber Eats,retail,AU,36.8,993.8,0,1,45,160,0
TXN00002,Jack Anderson,2026-01-28 07:32:00,1769585520.0,3327.88,JB Hi-Fi,pharmacy,RU,6586.2,3.7,4,0,35,3345,1
TXN00003,Bob Smith,2026-04-08 05:44:00,1775627040.0,340.56,BWS,retail,AU,7.8,1381.0,0,1,42,426,0
TXN00004,Iris Taylor,2026-02-14 19:16:00,1771096560.0,645.86,Dan Murphy,retail,AU,26.8,1402.9,0,1,36,3427,0
TXN00005,David Brown,2026-04-24 11:36:00,1777030560.0,157.68,Chemist Warehouse,retail,AU,2.3,374.5,0,1,73,443,0
TXN00006,Carol White,2026-02-28 20:53:00,1772311980.0,294.68,Woolworths,liquor,AU,17.8,984.8,0,1,52,3016,0
TXN00007,Alice Johnson,2026-03-01 12:17:00,1772367420.0,790.68,Amazon,grocery,AU,34.2,1223.1,0,1,69,1322,0
TXN00008,Emma Davis,2026-01-09 06:58:00,1767941880.0,753.67,Apple Store,grocery,AU,10.6,748.9,0,1,26,1040,0
TXN00009,Henry Moore,2026-03-10 08:47:00,1773132420.0,469.16,Coles,liquor,AU,18.1,1436.3,0,1,23,3125,0
TXN00010,Iris Taylor,2026-01-15 04:40:00,1768452000.0,1471.76,Uber Eats,electronics,NG,1040.0,2.2,4,0,73,77,1
TXN00011,Carol White,2026-01-15 21:56:00,1768514160.0,431.35,Chemist Warehouse,pharmacy,AU,38.4,529.4,0,1,47,43,0
TXN00012,Iris Taylor,2026-04-23 23:16:00,1776986160.0,776.68,Chemist Warehouse,food_delivery,AU,25.4,206.8,0,1,56,844,0
TXN00013,Emma Davis,2026-04-08 05:34:00,1775626440.0,762.08,Woolworths,electronics,AU,29.9,734.3,0,1,33,267,0
TXN00014,Henry Moore,2026-03-14 02:05:00,1773453900.0,586.13,Coles,grocery,AU,48.9,795.1,0,1,53,706,0
TXN00015,Iris Taylor,2026-04-22 19:27:00,1776886020.0,770.7,BWS,pharmacy,AU,35.6,610.6,0,1,46,525,0
TXN00016,Bob Smith,2026-01-09 10:01:00,1767952860.0,472.12,Amazon,grocery,AU,29.4,69.9,0,1,75,158,0
TXN00017,Henry Moore,2026-01-10 16:15:00,1768061700.0,226.11,Netflix,liquor,AU,10.7,242.6,0,1,33,3243,0
TXN00018,Bob Smith,2026-02-22 06:06:00,1771740360.0,81.96,Amazon,streaming,AU,17.7,627.3,0,1,21,1679,0
TXN00019,Bob Smith,2026-04-13 03:15:00,1776050100.0,157.12,Apple Store,grocery,AU,7.0,313.2,0,1,46,3339,0
TXN00020,Grace Wilson,2026-03-12 03:03:00,1773284580.0,522.8,JB Hi-Fi,grocery,AU,48.4,1338.4,0,1,49,2001,0
TXN00021,Grace Wilson,2026-02-21 01:10:00,1771636200.0,305.9,Apple Store,electronics,AU,13.3,1142.0,0,1,62,3022,0
TXN00022,Iris Taylor,2026-03-13 21:45:00,1773438300.0,391.42,Netflix,streaming,AU,14.8,1396.8,0,1,21,3093,0
TXN00023,Jack Anderson,2026-01-07 18:30:00,1767810600.0,404.26,Coles,retail,AU,2.8,760.8,0,1,22,2795,0
TXN00024,Iris Taylor,2026-02-21 03:56:00,1771646160.0,457.32,Netflix,liquor,AU,31.0,638.5,0,1,38,1098,0
TXN00025,Bob Smith,2026-04-02 10:15:00,1775124900.0,215.9,BWS,food_delivery,AU,33.6,474.0,0,1,18,1907,0
TXN00026,Frank Miller,2026-03-14 03:04:00,1773457440.0,431.88,Woolworths,grocery,AU,6.6,541.6,0,1,36,676,0
TXN00027,Emma Davis,2026-03-11 22:19:00,1773267540.0,490.67,Woolworths,grocery,AU,33.4,825.4,0,1,25,468,0
TXN00028,Henry Moore,2026-01-20 08:18:00,1768897080.0,485.23,Chemist Warehouse,liquor,AU,10.2,935.2,0,1,34,3495,0
TXN00029,Henry Moore,2026-03-23 13:53:00,1774273980.0,1961.78,Coles,streaming,US,7054.5,3.4,3,0,53,2920,1
TXN00030,Carol White,2026-01-02 03:04:00,1767323040.0,755.37,Netflix,liquor,AU,27.3,1211.7,0,1,45,552,0
TXN00031,Carol White,2026-02-16 01:57:00,1771207020.0,2302.44,Netflix,streaming,GB,3506.3,3.0,4,0,33,3571,1
TXN00032,David Brown,2026-04-13 05:56:00,1776059760.0,332.36,Dan Murphy,food_delivery,AU,36.8,518.4,0,1,35,682,0
TXN00033,Emma Davis,2026-01-14 12:55:00,1768395300.0,35.75,Apple Store,electronics,AU,11.1,1186.9,0,1,70,3287,0
TXN00034,Iris Taylor,2026-01-29 00:42:00,1769647320.0,158.35,Chemist Warehouse,electronics,AU,13.9,155.8,0,1,43,2813,0
TXN00035,Bob Smith,2026-03-10 10:01:00,1773136860.0,96.58,Chemist Warehouse,retail,AU,8.9,1388.3,0,1,56,1809,0
TXN00036,Grace Wilson,2026-04-11 10:27:00,1775903220.0,486.33,Chemist Warehouse,retail,AU,19.3,855.7,0,1,18,2159,0
TXN00037,Frank Miller,2026-03-10 21:46:00,1773179160.0,751.57,BWS,liquor,AU,18.2,156.6,0,1,60,3503,0
TXN00038,Grace Wilson,2026-02-08 16:19:00,1770567540.0,534.51,Coles,grocery,AU,20.1,468.0,0,1,60,1582,0
TXN00039,Frank Miller,2026-01-23 19:36:00,1769196960.0,243.95,Netflix,liquor,AU,15.2,350.1,0,1,47,1839,0
TXN00040,Bob Smith,2026-01-28 16:30:00,1769617800.0,635.23,Netflix,electronics,AU,32.9,451.6,0,1,70,3106,0
TXN00041,Bob Smith,2026-02-09 07:51:00,1770623460.0,163.11,Netflix,food_delivery,AU,2.3,1417.8,0,1,47,1727,0
TXN00042,Bob Smith,2026-03-15 06:45:00,1773557100.0,557.91,Amazon,food_delivery,AU,20.0,263.6,0,1,67,1771,0
TXN00043,Henry Moore,2026-04-13 22:33:00,1776119580.0,373.85,Coles,food_delivery,AU,45.9,227.5,0,1,60,2205,0
TXN00044,Henry Moore,2026-03-18 10:48:00,1773830880.0,712.79,Coles,streaming,AU,41.5,816.1,0,1,46,1091,0
TXN00045,Emma Davis,2026-04-18 20:17:00,1776543420.0,613.06,Woolworths,streaming,AU,31.3,438.9,0,1,33,1142,0
TXN00046,Grace Wilson,2026-04-25 17:05:00,1777136700.0,114.87,JB Hi-Fi,retail,AU,19.2,270.9,0,1,44,1385,0
TXN00047,Jack Anderson,2026-02-23 01:13:00,1771809180.0,666.32,Amazon,food_delivery,AU,45.2,866.0,0,1,42,1983,0
TXN00048,David Brown,2026-02-15 09:48:00,1771148880.0,2437.55,JB Hi-Fi,pharmacy,NG,6853.9,3.0,5,0,35,1815,1
TXN00049,Iris Taylor,2026-02-19 10:42:00,1771497720.0,544.24,Coles,liquor,AU,36.2,1219.9,0,1,19,1643,0
TXN00050,Frank Miller,2026-03-26 00:05:00,1774483500.0,515.34,Chemist Warehouse,pharmacy,AU,43.3,310.8,0,1,31,1892,0
TXN00051,Iris Taylor,2026-04-08 12:17:00,1775650620.0,602.1,Amazon,streaming,AU,12.6,173.0,0,1,21,1463,0
TXN00052,Carol White,2026-01-09 20:02:00,1767988920.0,603.86,Coles,grocery,AU,10.0,88.1,0,1,48,2772,0
TXN00053,Bob Smith,2026-01-28 14:44:00,1769611440.0,1875.97,Coles,electronics,SG,5650.1,4.8,1,0,55,135,1
TXN00054,David Brown,2026-03-15 21:58:00,1773611880.0,765.79,Netflix,streaming,AU,47.1,333.7,0,1,24,2885,0
TXN00055,Iris Taylor,2026-04-19 21:38:00,1776634680.0,644.59,BWS,retail,AU,17.4,651.2,0,1,59,1427,0
TXN00056,Iris Taylor,2026-02-23 15:06:00,1771859160.0,2620.36,Chemist Warehouse,liquor,SG,6512.1,2.5,5,0,67,2010,1
TXN00057,Henry Moore,2026-04-16 23:37:00,1776382620.0,218.11,Apple Store,grocery,AU,41.5,179.6,0,1,54,2529,0
TXN00058,Emma Davis,2026-02-13 00:31:00,1770942660.0,680.66,Chemist Warehouse,electronics,AU,24.4,549.7,0,1,74,2471,0
TXN00059,David Brown,2026-02-05 17:00:00,1770310800.0,415.2,Apple Store,liquor,AU,4.3,1053.7,0,1,62,1980,0
TXN00060,Jack Anderson,2026-03-04 14:50:00,1772635800.0,18.69,Chemist Warehouse,streaming,AU,11.1,1014.7,0,1,41,1968,0
TXN00061,Bob Smith,2026-02-14 13:47:00,1771076820.0,442.01,Chemist Warehouse,grocery,AU,35.1,433.9,0,1,64,818,0
TXN00062,Iris Taylor,2026-04-06 17:48:00,1775497680.0,552.99,Netflix,food_delivery,AU,10.8,728.2,0,1,56,1189,0
TXN00063,Alice Johnson,2026-04-17 06:18:00,1776406680.0,185.62,Coles,electronics,AU,15.1,1037.1,0,1,21,2296,0
TXN00064,Henry Moore,2026-01-17 20:55:00,1768683300.0,602.72,Apple Store,pharmacy,AU,43.6,852.2,0,1,39,785,0
TXN00065,Carol White,2026-02-02 15:07:00,1770044820.0,657.76,Amazon,grocery,AU,24.6,856.3,0,1,69,2335,0
TXN00066,Iris Taylor,2026-01-11 07:07:00,1768115220.0,448.11,JB Hi-Fi,food_delivery,AU,30.3,1151.2,0,1,42,1875,0
TXN00067,David Brown,2026-02-08 18:27:00,1770575220.0,247.47,JB Hi-Fi,streaming,AU,30.5,1081.3,0,1,34,2735,0
TXN00068,Emma Davis,2026-01-31 05:35:00,1769837700.0,1115.2,Amazon,grocery,US,4329.3,3.2,3,0,63,1188,1
TXN00069,Bob Smith,2026-02-28 02:43:00,1772246580.0,190.34,JB Hi-Fi,pharmacy,AU,39.4,922.6,0,1,52,950,0
TXN00070,Bob Smith,2026-02-04 04:04:00,1770177840.0,52.35,Chemist Warehouse,pharmacy,AU,29.8,1197.5,0,1,47,2850,0
TXN00071,Frank Miller,2026-02-21 08:32:00,1771662720.0,433.75,Dan Murphy,streaming,AU,4.0,115.0,0,1,56,1055,0
TXN00072,Carol White,2026-01-30 21:53:00,1769809980.0,4413.31,Netflix,retail,RU,8996.4,3.5,3,0,48,2155,1
TXN00073,Frank Miller,2026-02-05 05:37:00,1770269820.0,351.09,Dan Murphy,electronics,AU,48.5,708.6,0,1,60,458,0
TXN00074,Frank Miller,2026-02-12 13:44:00,1770903840.0,398.4,Apple Store,retail,AU,40.7,819.1,0,1,34,1354,0
TXN00075,Henry Moore,2026-04-09 12:55:00,1775739300.0,2960.79,BWS,liquor,US,4426.8,0.7,5,0,58,1840,1
TXN00076,Jack Anderson,2026-01-27 08:35:00,1769502900.0,109.02,Woolworths,retail,AU,21.9,1023.6,0,1,69,1010,0
TXN00077,Bob Smith,2026-02-09 17:00:00,1770656400.0,443.49,Woolworths,pharmacy,AU,11.2,1221.1,0,1,59,3438,0
TXN00078,Iris Taylor,2026-04-02 09:32:00,1775122320.0,565.1,JB Hi-Fi,pharmacy,AU,41.7,1412.7,0,1,27,1601,0
TXN00079,Iris Taylor,2026-03-18 16:47:00,1773852420.0,703.19,Dan Murphy,electronics,AU,13.8,1150.2,0,1,35,3390,0
TXN00080,Iris Taylor,2026-04-03 09:53:00,1775209980.0,3264.55,Uber Eats,food_delivery,NG,4295.7,2.7,3,0,42,1895,1
TXN00081,Henry Moore,2026-04-22 06:44:00,1776840240.0,194.61,Amazon,electronics,AU,11.7,1130.3,0,1,63,3353,0
TXN00082,Bob Smith,2026-03-26 20:09:00,1774555740.0,398.29,BWS,food_delivery,AU,6.3,1392.2,0,1,73,3491,0
TXN00083,Emma Davis,2026-03-09 14:00:00,1773064800.0,578.62,Woolworths,pharmacy,AU,43.5,1398.5,0,1,39,2582,0
TXN00084,Iris Taylor,2026-03-25 02:54:00,1774407240.0,265.88,Apple Store,food_delivery,AU,47.7,925.0,0,1,20,2559,0
TXN00085,Emma Davis,2026-03-22 21:58:00,1774216680.0,2006.7,Apple Store,grocery,GB,4188.8,0.9,1,0,75,148,1
TXN00086,Bob Smith,2026-04-12 01:18:00,1775956680.0,2305.19,Coles,grocery,NG,2575.7,2.4,2,0,57,3596,1
TXN00087,Alice Johnson,2026-03-29 07:31:00,1774769460.0,729.79,Apple Store,electronics,AU,11.6,940.3,0,1,75,3325,0
TXN00088,Grace Wilson,2026-02-06 21:34:00,1770413640.0,130.43,Chemist Warehouse,streaming,AU,47.3,1423.0,0,1,62,1054,0
TXN00089,Emma Davis,2026-02-08 06:24:00,1770531840.0,682.55,Netflix,electronics,AU,11.9,849.3,0,1,19,3429,0
TXN00090,David Brown,2026-02-05 00:36:00,1770251760.0,691.86,Chemist Warehouse,food_delivery,AU,45.5,1088.3,0,1,56,3314,0
TXN00091,Henry Moore,2026-03-23 06:39:00,1774247940.0,204.0,Amazon,electronics,AU,31.4,1306.7,0,1,20,2403,0
TXN00092,Iris Taylor,2026-01-17 02:58:00,1768618680.0,239.32,Uber Eats,electronics,AU,8.8,242.4,0,1,50,1146,0
TXN00093,David Brown,2026-02-02 15:51:00,1770047460.0,239.34,Woolworths,grocery,AU,40.2,706.3,0,1,73,2800,0
TXN00094,Emma Davis,2026-02-20 17:23:00,1771608180.0,76.7,Apple Store,electronics,AU,0.7,800.5,0,1,55,1590,0
TXN00095,David Brown,2026-02-17 03:43:00,1771299780.0,190.65,BWS,liquor,AU,31.0,1361.6,0,1,59,288,0
TXN00096,Bob Smith,2026-03-01 22:19:00,1772403540.0,520.5,Chemist Warehouse,pharmacy,AU,7.0,1365.8,0,1,24,991,0
TXN00097,Bob Smith,2026-01-18 12:29:00,1768739340.0,299.58,Dan Murphy,streaming,AU,29.4,1062.7,0,1,71,2034,0
TXN00098,Frank Miller,2026-02-05 01:44:00,1770255840.0,299.2,BWS,retail,AU,22.2,385.8,0,1,52,2671,0
TXN00099,Alice Johnson,2026-02-20 08:12:00,1771575120.0,773.76,Netflix,retail,AU,4.6,352.7,0,1,68,1396,0
TXN00100,Carol White,2026-01-17 18:13:00,1768673580.0,59.48,JB Hi-Fi,electronics,AU,29.3,1182.0,0,1,68,2471,0
TXN00101,David Brown,2026-04-20 04:08:00,1776658080.0,3068.36,BWS,food_delivery,GB,6119.0,0.6,1,0,55,1356,1
TXN00102,Bob Smith,2026-02-03 01:08:00,1770080880.0,3914.47,Uber Eats,liquor,RU,6838.2,2.6,3,0,46,2093,1
TXN00103,Grace Wilson,2026-03-20 01:46:00,1773971160.0,626.88,Amazon,pharmacy,AU,22.9,1390.4,0,1,45,2840,0
TXN00104,Frank Miller,2026-04-02 14:04:00,1775138640.0,4576.02,Netflix,liquor,SG,1760.8,1.1,5,0,42,2476,1
TXN00105,David Brown,2026-02-28 16:38:00,1772296680.0,346.58,Uber Eats,streaming,AU,42.6,958.3,0,1,45,1879,0
TXN00106,Emma Davis,2026-02-22 10:52:00,1771757520.0,365.08,BWS,streaming,AU,36.5,491.3,0,1,41,655,0
TXN00107,Carol White,2026-03-02 02:05:00,1772417100.0,665.43,BWS,food_delivery,AU,21.6,1087.5,0,1,53,275,0
TXN00108,Alice Johnson,2026-03-13 17:21:00,1773422460.0,536.99,Dan Murphy,food_delivery,AU,17.7,978.2,0,1,36,2489,0
TXN00109,Bob Smith,2026-01-14 18:32:00,1768415520.0,173.91,Uber Eats,electronics,AU,11.2,209.3,0,1,66,1171,0
TXN00110,Carol White,2026-04-14 13:54:00,1776174840.0,450.41,Chemist Warehouse,retail,AU,30.4,967.8,0,1,35,2908,0
TXN00111,Alice Johnson,2026-02-13 11:00:00,1770980400.0,149.04,Coles,streaming,AU,28.3,613.1,0,1,23,3086,0
TXN00112,Bob Smith,2026-02-18 13:29:00,1771421340.0,275.67,Netflix,liquor,AU,15.6,507.6,0,1,74,245,0
TXN00113,Grace Wilson,2026-04-07 19:03:00,1775588580.0,540.13,Netflix,pharmacy,AU,22.2,645.1,0,1,35,912,0
TXN00114,Jack Anderson,2026-01-15 11:27:00,1768476420.0,93.05,JB Hi-Fi,pharmacy,AU,26.3,485.6,0,1,21,61,0
TXN00115,Carol White,2026-01-28 04:48:00,1769575680.0,207.88,Dan Murphy,grocery,AU,6.0,746.4,0,1,42,2211,0
TXN00116,Alice Johnson,2026-03-06 17:53:00,1772819580.0,535.43,Amazon,pharmacy,AU,3.6,1249.2,0,1,47,348,0
TXN00117,Jack Anderson,2026-03-15 13:36:00,1773581760.0,326.11,BWS,grocery,AU,14.5,618.9,0,1,47,3437,0
TXN00118,Emma Davis,2026-02-16 02:27:00,1771208820.0,675.52,Woolworths,pharmacy,AU,21.8,612.6,0,1,65,1420,0
TXN00119,Carol White,2026-04-10 05:04:00,1775797440.0,410.32,BWS,electronics,AU,26.5,327.6,0,1,33,451,0
TXN00120,Jack Anderson,2026-01-26 05:38:00,1769405880.0,126.38,Apple Store,pharmacy,AU,8.9,1126.5,0,1,66,2403,0
TXN00121,Bob Smith,2026-04-23 18:41:00,1776969660.0,509.43,Coles,pharmacy,AU,43.2,925.6,0,1,48,1841,0
TXN00122,Emma Davis,2026-04-12 08:37:00,1775983020.0,49.6,Amazon,electronics,AU,15.5,683.6,0,1,22,2670,0
TXN00123,Jack Anderson,2026-04-20 02:39:00,1776652740.0,476.7,Amazon,pharmacy,AU,23.1,825.0,0,1,59,801,0
TXN00124,Bob Smith,2026-03-02 16:09:00,1772467740.0,765.43,BWS,streaming,AU,5.2,1300.8,0,1,50,2676,0
TXN00125,Frank Miller,2026-02-01 22:28:00,1769984880.0,791.84,Dan Murphy,pharmacy,AU,18.2,1326.8,0,1,61,2478,0
TXN00126,Bob Smith,2026-03-22 20:21:00,1774210860.0,1076.76,Coles,electronics,US,6266.2,1.8,5,0,55,2748,1
TXN00127,Iris Taylor,2026-02-14 09:41:00,1771062060.0,559.59,Woolworths,electronics,AU,6.4,1038.2,0,1,42,2665,0
TXN00128,Frank Miller,2026-04-15 04:42:00,1776228120.0,563.05,BWS,retail,AU,32.3,644.3,0,1,37,768,0
TXN00129,Iris Taylor,2026-02-13 15:12:00,1770995520.0,184.88,Woolworths,liquor,AU,7.7,468.2,0,1,71,3055,0
TXN00130,Jack Anderson,2026-01-05 21:21:00,1767648060.0,700.86,Coles,food_delivery,AU,29.9,272.9,0,1,69,708,0
TXN00131,Iris Taylor,2026-01-06 13:23:00,1767705780.0,542.03,Apple Store,grocery,AU,48.5,902.6,0,1,33,1297,0
TXN00132,Emma Davis,2026-04-11 15:57:00,1775923020.0,668.08,Apple Store,pharmacy,AU,33.9,847.2,0,1,67,1594,0
TXN00133,Frank Miller,2026-02-23 05:52:00,1771825920.0,163.56,Apple Store,food_delivery,AU,43.7,132.0,0,1,53,450,0
TXN00134,Grace Wilson,2026-03-08 03:18:00,1772939880.0,71.6,Coles,food_delivery,AU,13.6,1309.3,0,1,23,939,0
TXN00135,Frank Miller,2026-04-24 11:59:00,1777031940.0,26.18,Dan Murphy,retail,AU,19.8,576.1,0,1,32,145,0
TXN00136,Carol White,2026-01-13 22:41:00,1768344060.0,271.22,Apple Store,streaming,AU,6.9,455.9,0,1,66,2919,0
TXN00137,Grace Wilson,2026-03-20 00:57:00,1773968220.0,67.91,Netflix,liquor,AU,10.8,266.3,0,1,25,3209,0
TXN00138,Iris Taylor,2026-02-08 03:03:00,1770519780.0,194.32,Apple Store,liquor,AU,3.1,1214.6,0,1,19,2618,0
TXN00139,Bob Smith,2026-01-31 22:09:00,1769897340.0,236.27,Dan Murphy,grocery,AU,30.7,392.0,0,1,51,1507,0
TXN00140,Emma Davis,2026-03-09 17:32:00,1773077520.0,4102.15,Dan Murphy,electronics,RU,672.8,4.4,1,0,65,96,1
TXN00141,Alice Johnson,2026-01-09 11:15:00,1767957300.0,586.96,BWS,grocery,AU,38.6,1074.6,0,1,40,2266,0
TXN00142,Carol White,2026-03-24 05:53:00,1774331580.0,623.64,Coles,food_delivery,AU,49.0,720.4,0,1,22,2962,0
TXN00143,Grace Wilson,2026-02-28 01:18:00,1772241480.0,165.06,Chemist Warehouse,liquor,AU,44.3,495.5,0,1,70,2254,0
TXN00144,Frank Miller,2026-01-05 20:12:00,1767643920.0,232.17,Woolworths,food_delivery,AU,43.3,518.1,0,1,45,1668,0
TXN00145,Bob Smith,2026-04-25 12:21:00,1777119660.0,778.14,Uber Eats,electronics,AU,34.6,566.9,0,1,64,1768,0
TXN00146,Grace Wilson,2026-03-19 05:34:00,1773898440.0,2033.53,Netflix,streaming,US,3287.3,1.8,4,0,28,2855,1
TXN00147,Grace Wilson,2026-02-27 01:46:00,1772156760.0,695.81,Amazon,retail,AU,30.7,660.2,0,1,41,2131,0
TXN00148,Grace Wilson,2026-03-28 05:01:00,1774674060.0,118.37,BWS,electronics,AU,1.7,152.8,0,1,54,162,0
TXN00149,Emma Davis,2026-03-28 14:23:00,1774707780.0,300.38,Dan Murphy,electronics,AU,28.7,790.7,0,1,33,494,0
TXN00150,Emma Davis,2026-01-24 15:33:00,1769268780.0,2424.96,JB Hi-Fi,liquor,RU,2725.1,1.7,4,0,62,2041,1
TXN00151,Frank Miller,2026-01-18 02:28:00,1768703280.0,142.09,BWS,streaming,AU,49.9,1178.5,0,1,63,295,0
TXN00152,Carol White,2026-02-07 09:54:00,1770458040.0,130.06,Woolworths,grocery,AU,39.7,762.1,0,1,33,3267,0
TXN00153,Henry Moore,2026-02-16 17:36:00,1771263360.0,297.92,Chemist Warehouse,pharmacy,AU,30.6,179.0,0,1,51,1712,0
TXN00154,Carol White,2026-04-16 18:04:00,1776362640.0,104.51,Uber Eats,electronics,AU,32.1,681.0,0,1,74,3425,0
TXN00155,Bob Smith,2026-03-23 18:11:00,1774289460.0,614.62,Amazon,food_delivery,AU,21.6,1316.8,0,1,51,656,0
TXN00156,Bob Smith,2026-01-21 10:59:00,1768993140.0,568.21,Chemist Warehouse,food_delivery,AU,47.4,776.1,0,1,34,834,0
TXN00157,Carol White,2026-03-12 08:08:00,1773302880.0,501.27,Netflix,grocery,AU,25.1,292.7,0,1,60,2587,0
TXN00158,Jack Anderson,2026-03-19 10:53:00,1773917580.0,738.6,Amazon,streaming,AU,41.3,99.2,0,1,34,2697,0
TXN00159,David Brown,2026-03-15 13:39:00,1773581940.0,512.36,Chemist Warehouse,pharmacy,AU,44.4,812.9,0,1,69,3336,0
TXN00160,Jack Anderson,2026-02-08 14:04:00,1770559440.0,551.76,JB Hi-Fi,electronics,AU,22.0,728.3,0,1,27,1310,0
TXN00161,Frank Miller,2026-02-10 23:55:00,1770767700.0,279.22,Uber Eats,retail,AU,6.5,571.3,0,1,33,1940,0
TXN00162,Carol White,2026-02-27 07:09:00,1772176140.0,81.87,Dan Murphy,grocery,AU,47.3,1252.5,0,1,70,1371,0
TXN00163,Alice Johnson,2026-04-03 10:12:00,1775211120.0,610.92,Chemist Warehouse,pharmacy,AU,49.8,704.2,0,1,23,1640,0
TXN00164,Iris Taylor,2026-01-31 06:37:00,1769841420.0,285.2,Apple Store,electronics,AU,14.1,884.6,0,1,18,3500,0
TXN00165,Iris Taylor,2026-01-18 08:46:00,1768725960.0,2335.9,JB Hi-Fi,electronics,NG,884.6,0.7,5,0,36,331,1
TXN00166,Frank Miller,2026-02-27 17:17:00,1772212620.0,660.3,BWS,food_delivery,AU,6.4,193.4,0,1,53,1527,0
TXN00167,Henry Moore,2026-01-26 19:32:00,1769455920.0,323.7,BWS,food_delivery,AU,2.3,249.1,0,1,51,1901,0
TXN00168,Frank Miller,2026-04-25 16:08:00,1777133280.0,265.4,Chemist Warehouse,liquor,AU,8.1,1427.0,0,1,50,3422,0
TXN00169,Emma Davis,2026-03-04 22:36:00,1772663760.0,243.03,Dan Murphy,liquor,AU,18.4,989.9,0,1,68,3000,0
TXN00170,Jack Anderson,2026-03-22 00:38:00,1774139880.0,381.82,Coles,liquor,AU,36.1,865.3,0,1,67,3475,0
TXN00171,Grace Wilson,2026-04-16 21:15:00,1776374100.0,30.07,Dan Murphy,grocery,AU,9.5,668.6,0,1,62,865,0
TXN00172,Henry Moore,2026-04-10 19:58:00,1775851080.0,379.45,Uber Eats,electronics,AU,35.3,775.8,0,1,51,1573,0
TXN00173,Henry Moore,2026-01-23 14:58:00,1769180280.0,428.3,Chemist Warehouse,liquor,AU,33.8,1257.4,0,1,30,1039,0
TXN00174,Iris Taylor,2026-02-08 07:19:00,1770535140.0,617.31,Apple Store,electronics,AU,34.5,734.8,0,1,68,2985,0
TXN00175,Alice Johnson,2026-01-16 18:43:00,1768588980.0,436.29,Coles,electronics,AU,40.9,1377.4,0,1,36,2955,0
TXN00176,Bob Smith,2026-02-26 20:16:00,1772136960.0,3938.07,Chemist Warehouse,grocery,GB,7537.6,1.7,5,0,57,3064,1
TXN00177,Henry Moore,2026-02-01 01:42:00,1769910120.0,723.72,Dan Murphy,electronics,AU,31.9,132.4,0,1,24,2820,0
TXN00178,Emma Davis,2026-01-01 17:59:00,1767290340.0,130.41,Chemist Warehouse,electronics,AU,23.9,335.2,0,1,59,272,0
TXN00179,Grace Wilson,2026-01-12 20:36:00,1768250160.0,189.38,Coles,retail,AU,45.7,301.6,0,1,68,2059,0
TXN00180,Henry Moore,2026-04-06 09:56:00,1775469360.0,34.75,BWS,electronics,AU,28.4,208.1,0,1,59,2255,0
TXN00181,Henry Moore,2026-04-24 04:54:00,1777006440.0,405.34,Coles,streaming,AU,9.6,215.5,0,1,59,1083,0
TXN00182,Grace Wilson,2026-01-02 23:21:00,1767396060.0,632.87,Dan Murphy,food_delivery,AU,8.8,1241.5,0,1,50,1373,0
TXN00183,Emma Davis,2026-03-27 03:11:00,1774581060.0,4922.1,JB Hi-Fi,pharmacy,NG,8454.5,0.5,4,0,39,1266,1
TXN00184,Grace Wilson,2026-03-15 00:16:00,1773533760.0,524.02,Chemist Warehouse,grocery,AU,3.1,223.2,0,1,61,2088,0
TXN00185,David Brown,2026-04-24 22:49:00,1777070940.0,251.92,BWS,liquor,AU,31.9,1358.1,0,1,32,577,0
TXN00186,David Brown,2026-02-28 23:38:00,1772321880.0,301.66,JB Hi-Fi,food_delivery,AU,37.9,1166.8,0,1,61,3121,0
TXN00187,Iris Taylor,2026-04-11 02:33:00,1775874780.0,359.72,Amazon,food_delivery,AU,3.9,838.6,0,1,75,2100,0
TXN00188,Bob Smith,2026-03-10 04:10:00,1773115800.0,265.53,Netflix,pharmacy,AU,5.8,343.5,0,1,75,2120,0
TXN00189,Alice Johnson,2026-01-08 14:08:00,1767881280.0,412.52,Chemist Warehouse,streaming,AU,28.2,831.1,0,1,43,1072,0
TXN00190,Henry Moore,2026-04-06 06:37:00,1775457420.0,62.99,Amazon,retail,AU,17.2,148.0,0,1,20,1205,0
TXN00191,Grace Wilson,2026-04-09 04:49:00,1775710140.0,514.37,Apple Store,food_delivery,AU,18.7,1290.0,0,1,42,358,0
TXN00192,Carol White,2026-03-26 17:08:00,1774544880.0,523.91,Dan Murphy,liquor,AU,5.9,1430.1,0,1,64,942,0
TXN00193,Frank Miller,2026-04-07 00:19:00,1775521140.0,372.63,JB Hi-Fi,pharmacy,AU,26.6,1196.2,0,1,27,1159,0
TXN00194,David Brown,2026-04-23 23:48:00,1776988080.0,94.6,Amazon,grocery,AU,30.7,1352.0,0,1,22,443,0
TXN00195,Iris Taylor,2026-02-27 19:43:00,1772221380.0,563.41,Apple Store,grocery,AU,12.2,121.0,0,1,31,3119,0
TXN00196,Jack Anderson,2026-01-08 04:32:00,1767846720.0,793.83,BWS,liquor,AU,40.8,1069.5,0,1,67,2784,0
TXN00197,Carol White,2026-01-31 09:56:00,1769853360.0,118.75,Uber Eats,liquor,AU,20.7,439.7,0,1,58,2810,0
TXN00198,Carol White,2026-03-05 01:22:00,1772673720.0,752.62,Dan Murphy,pharmacy,AU,39.3,499.9,0,1,37,1571,0
TXN00199,Iris Taylor,2026-03-10 15:15:00,1773155700.0,679.38,Apple Store,retail,AU,42.9,259.2,0,1,44,1736,0
TXN00200,Iris Taylor,2026-01-18 12:15:00,1768738500.0,207.47,BWS,retail,AU,32.3,1332.7,0,1,64,3427,0
TXN00201,Iris Taylor,2026-02-04 12:43:00,1770208980.0,485.35,Netflix,streaming,AU,43.7,319.7,0,1,31,1993,0
TXN00202,Jack Anderson,2026-02-12 09:58:00,1770890280.0,17.17,Apple Store,grocery,AU,48.1,221.9,0,1,63,867,0
TXN00203,Frank Miller,2026-01-31 17:20:00,1769880000.0,620.76,Chemist Warehouse,electronics,AU,23.3,955.2,0,1,50,3645,0
TXN00204,Jack Anderson,2026-01-13 23:30:00,1768347000.0,609.73,Dan Murphy,retail,AU,45.7,571.6,0,1,73,936,0
TXN00205,Jack Anderson,2026-01-03 08:35:00,1767429300.0,747.2,JB Hi-Fi,pharmacy,AU,14.8,330.7,0,1,71,1036,0
TXN00206,Carol White,2026-03-25 21:21:00,1774473660.0,209.32,Apple Store,pharmacy,AU,48.3,945.5,0,1,64,3286,0
TXN00207,Alice Johnson,2026-01-18 23:34:00,1768779240.0,392.72,Woolworths,food_delivery,AU,26.2,1217.9,0,1,66,56,0
TXN00208,Jack Anderson,2026-04-18 20:14:00,1776543240.0,58.97,BWS,retail,AU,0.5,757.9,0,1,58,2761,0
TXN00209,Emma Davis,2026-03-03 21:31:00,1772573460.0,17.49,Chemist Warehouse,liquor,AU,0.6,790.6,0,1,19,2087,0
TXN00210,David Brown,2026-03-28 13:51:00,1774705860.0,751.13,Coles,grocery,AU,5.4,192.9,0,1,57,2186,0
TXN00211,David Brown,2026-02-15 08:50:00,1771145400.0,320.14,JB Hi-Fi,streaming,AU,48.0,693.4,0,1,37,2831,0
TXN00212,Alice Johnson,2026-01-11 20:54:00,1768164840.0,521.02,Uber Eats,pharmacy,AU,4.7,583.4,0,1,58,68,0
TXN00213,Alice Johnson,2026-01-11 15:54:00,1768146840.0,349.52,Woolworths,liquor,AU,28.3,1244.0,0,1,32,895,0
TXN00214,Alice Johnson,2026-03-30 18:30:00,1774895400.0,220.25,Uber Eats,liquor,AU,34.2,446.9,0,1,29,3513,0
TXN00215,Jack Anderson,2026-01-27 18:09:00,1769537340.0,602.29,Netflix,grocery,AU,46.4,473.0,0,1,71,3509,0
TXN00216,Frank Miller,2026-04-25 17:21:00,1777137660.0,309.77,Woolworths,liquor,AU,39.5,1011.2,0,1,21,430,0
TXN00217,Henry Moore,2026-04-18 02:21:00,1776478860.0,485.5,Chemist Warehouse,food_delivery,AU,48.4,510.4,0,1,49,964,0
TXN00218,Bob Smith,2026-02-18 13:11:00,1771420260.0,544.68,JB Hi-Fi,streaming,AU,4.3,913.7,0,1,23,1127,0
TXN00219,Frank Miller,2026-04-02 20:09:00,1775160540.0,592.29,Chemist Warehouse,pharmacy,AU,18.0,186.3,0,1,66,1134,0
TXN00220,Jack Anderson,2026-01-12 05:27:00,1768195620.0,2684.69,Uber Eats,retail,RU,3968.4,0.6,3,0,56,3243,1
TXN00221,Iris Taylor,2026-02-19 00:18:00,1771460280.0,333.57,JB Hi-Fi,liquor,AU,36.2,832.2,0,1,28,2837,0
TXN00222,Henry Moore,2026-01-18 08:19:00,1768724340.0,218.11,Dan Murphy,electronics,AU,3.2,659.9,0,1,68,345,0
TXN00223,Frank Miller,2026-02-01 23:40:00,1769989200.0,398.67,Amazon,pharmacy,AU,22.9,247.0,0,1,71,2570,0
TXN00224,Frank Miller,2026-04-21 10:28:00,1776767280.0,270.78,JB Hi-Fi,pharmacy,AU,15.0,892.4,0,1,29,1661,0
TXN00225,Bob Smith,2026-02-07 23:44:00,1770507840.0,507.52,Dan Murphy,electronics,AU,16.3,446.8,0,1,54,848,0
TXN00226,Emma Davis,2026-03-11 05:43:00,1773207780.0,614.49,JB Hi-Fi,pharmacy,AU,47.7,697.0,0,1,71,2867,0
TXN00227,Henry Moore,2026-04-19 13:43:00,1776606180.0,2896.57,Dan Murphy,retail,SG,2647.8,1.2,4,0,56,1992,1
TXN00228,Iris Taylor,2026-03-10 16:59:00,1773161940.0,735.79,BWS,streaming,AU,27.2,1151.2,0,1,56,2643,0
TXN00229,Frank Miller,2026-01-14 07:42:00,1768376520.0,532.77,Dan Murphy,food_delivery,AU,32.3,121.1,0,1,68,1793,0
TXN00230,Henry Moore,2026-01-13 08:14:00,1768292040.0,2944.33,BWS,pharmacy,RU,5434.4,3.1,4,0,67,2813,1
TXN00231,Carol White,2026-03-06 04:22:00,1772770920.0,797.18,Woolworths,retail,AU,5.2,634.0,0,1,40,1307,0
TXN00232,Bob Smith,2026-04-11 06:33:00,1775889180.0,388.44,Apple Store,electronics,AU,4.9,1056.4,0,1,37,213,0
TXN00233,Carol White,2026-01-15 00:54:00,1768438440.0,277.4,JB Hi-Fi,liquor,AU,33.9,286.8,0,1,53,685,0
TXN00234,Jack Anderson,2026-02-24 14:14:00,1771942440.0,638.42,Dan Murphy,retail,AU,9.3,967.1,0,1,74,838,0
TXN00235,Bob Smith,2026-02-24 12:00:00,1771934400.0,564.56,Woolworths,liquor,AU,13.9,1031.2,0,1,69,3601,0
TXN00236,Grace Wilson,2026-02-16 10:12:00,1771236720.0,368.3,BWS,liquor,AU,33.5,735.5,0,1,57,1637,0
TXN00237,Jack Anderson,2026-02-14 11:54:00,1771070040.0,368.54,Chemist Warehouse,liquor,AU,40.7,1034.3,0,1,23,2782,0
TXN00238,Carol White,2026-01-16 07:19:00,1768547940.0,97.86,Dan Murphy,liquor,AU,34.7,764.9,0,1,54,1601,0
TXN00239,Frank Miller,2026-03-04 20:34:00,1772656440.0,555.59,Coles,grocery,AU,27.7,735.7,0,1,71,1877,0
TXN00240,Henry Moore,2026-04-21 11:00:00,1776769200.0,389.78,Uber Eats,streaming,AU,40.8,1390.1,0,1,44,2834,0
TXN00241,David Brown,2026-04-01 14:31:00,1775053860.0,137.8,Amazon,electronics,AU,39.8,364.3,0,1,52,1212,0
TXN00242,Iris Taylor,2026-02-28 18:47:00,1772304420.0,618.4,Woolworths,electronics,AU,27.5,216.2,0,1,70,1532,0
TXN00243,Alice Johnson,2026-04-07 01:48:00,1775526480.0,575.87,JB Hi-Fi,electronics,AU,49.5,201.3,0,1,46,1106,0
TXN00244,Frank Miller,2026-04-15 02:28:00,1776220080.0,692.04,Netflix,streaming,AU,38.8,387.0,0,1,73,2941,0
TXN00245,Iris Taylor,2026-02-24 05:39:00,1771911540.0,115.55,Netflix,electronics,AU,40.7,1171.5,0,1,35,2474,0
TXN00246,Grace Wilson,2026-02-11 22:18:00,1770848280.0,234.73,Woolworths,grocery,AU,47.6,769.9,0,1,21,1165,0
TXN00247,Carol White,2026-01-17 22:55:00,1768690500.0,110.36,Dan Murphy,pharmacy,AU,35.6,1203.3,0,1,54,2620,0
TXN00248,Henry Moore,2026-02-23 12:28:00,1771849680.0,64.96,BWS,pharmacy,AU,20.1,1094.7,0,1,38,2413,0
TXN00249,David Brown,2026-04-10 23:05:00,1775862300.0,3869.18,JB Hi-Fi,pharmacy,NG,7725.9,4.1,4,0,49,1129,1
TXN00250,Bob Smith,2026-02-06 10:35:00,1770374100.0,463.88,Amazon,retail,AU,39.4,1293.9,0,1,58,3240,0
TXN00251,Carol White,2026-01-03 03:59:00,1767412740.0,685.98,Dan Murphy,grocery,AU,22.8,1428.7,0,1,74,2692,0
TXN00252,Grace Wilson,2026-04-22 08:05:00,1776845100.0,524.74,Coles,retail,AU,4.1,977.0,0,1,58,1281,0
TXN00253,David Brown,2026-04-07 07:27:00,1775546820.0,525.46,Coles,liquor,AU,0.1,718.0,0,1,51,2815,0
TXN00254,Bob Smith,2026-01-02 22:21:00,1767392460.0,653.78,JB Hi-Fi,pharmacy,AU,34.7,719.2,0,1,64,3331,0
TXN00255,Alice Johnson,2026-02-10 11:56:00,1770724560.0,2056.57,Uber Eats,liquor,NG,5953.4,3.5,1,0,57,2692,1
TXN00256,David Brown,2026-02-14 23:13:00,1771110780.0,503.7,Apple Store,food_delivery,AU,46.0,910.2,0,1,23,441,0
TXN00257,Bob Smith,2026-01-16 18:46:00,1768589160.0,309.92,Chemist Warehouse,streaming,AU,15.7,253.0,0,1,33,2296,0
TXN00258,Iris Taylor,2026-04-03 19:18:00,1775243880.0,623.5,Chemist Warehouse,grocery,AU,42.4,968.6,0,1,56,2117,0
TXN00259,Jack Anderson,2026-02-20 09:41:00,1771580460.0,48.33,Apple Store,streaming,AU,24.7,215.6,0,1,22,2193,0
TXN00260,Carol White,2026-01-02 11:59:00,1767355140.0,256.28,BWS,liquor,AU,43.0,844.4,0,1,66,1959,0
TXN00261,Grace Wilson,2026-04-09 02:01:00,1775700060.0,471.37,Amazon,food_delivery,AU,13.1,115.0,0,1,50,1203,0
TXN00262,Bob Smith,2026-03-06 13:27:00,1772803620.0,562.24,Coles,electronics,AU,32.0,802.0,0,1,37,353,0
TXN00263,David Brown,2026-01-27 04:34:00,1769488440.0,264.44,JB Hi-Fi,retail,AU,15.5,663.7,0,1,23,1809,0
TXN00264,Frank Miller,2026-03-20 19:03:00,1774033380.0,2098.71,Coles,pharmacy,GB,607.7,1.1,1,0,51,2148,1
TXN00265,Grace Wilson,2026-04-03 08:10:00,1775203800.0,300.26,Amazon,electronics,AU,36.6,222.9,0,1,35,2175,0
TXN00266,Carol White,2026-04-02 18:40:00,1775155200.0,1123.62,Coles,electronics,NG,3561.1,2.7,5,0,34,3197,1
TXN00267,Frank Miller,2026-03-15 21:46:00,1773611160.0,1284.29,Amazon,pharmacy,RU,874.3,4.4,2,0,42,644,1
TXN00268,Bob Smith,2026-04-20 01:35:00,1776648900.0,642.67,BWS,electronics,AU,11.2,402.6,0,1,54,1557,0
TXN00269,Emma Davis,2026-03-28 01:11:00,1774660260.0,1737.15,Chemist Warehouse,food_delivery,RU,8609.7,0.8,4,0,38,383,1
TXN00270,Henry Moore,2026-01-02 11:12:00,1767352320.0,236.53,BWS,liquor,AU,37.0,394.8,0,1,67,3208,0
TXN00271,Alice Johnson,2026-03-11 07:09:00,1773212940.0,10.06,Amazon,electronics,AU,1.2,807.3,0,1,66,2722,0
TXN00272,Emma Davis,2026-04-05 23:19:00,1775431140.0,87.54,Coles,streaming,AU,21.0,1386.4,0,1,23,209,0
TXN00273,Iris Taylor,2026-04-25 16:26:00,1777134360.0,561.47,Netflix,retail,AU,22.9,1092.1,0,1,26,2640,0
TXN00274,Grace Wilson,2026-01-10 18:36:00,1768070160.0,54.45,BWS,food_delivery,AU,11.8,420.2,0,1,62,3437,0
TXN00275,Bob Smith,2026-02-10 14:17:00,1770733020.0,190.49,Woolworths,grocery,AU,6.8,1122.8,0,1,28,1871,0
TXN00276,Carol White,2026-02-22 03:34:00,1771731240.0,289.48,Woolworths,retail,AU,22.6,699.4,0,1,69,2840,0
TXN00277,Iris Taylor,2026-04-01 22:38:00,1775083080.0,37.02,BWS,pharmacy,AU,7.4,1041.4,0,1,21,2803,0
TXN00278,Bob Smith,2026-04-15 05:01:00,1776229260.0,760.96,Woolworths,pharmacy,AU,27.8,819.2,0,1,69,3281,0
TXN00279,Bob Smith,2026-01-02 01:53:00,1767318780.0,625.08,BWS,streaming,AU,6.5,1196.7,0,1,55,2430,0
TXN00280,Frank Miller,2026-04-15 02:01:00,1776218460.0,796.75,Coles,retail,AU,45.1,671.9,0,1,25,204,0
TXN00281,Frank Miller,2026-01-07 05:59:00,1767765540.0,460.66,Dan Murphy,grocery,AU,24.8,588.2,0,1,31,796,0
TXN00282,Alice Johnson,2026-02-27 04:02:00,1772164920.0,492.6,Uber Eats,pharmacy,AU,32.4,748.5,0,1,23,1175,0
TXN00283,Frank Miller,2026-02-23 06:41:00,1771828860.0,707.41,Amazon,pharmacy,AU,31.5,1167.0,0,1,48,2260,0
TXN00284,Emma Davis,2026-02-14 18:32:00,1771093920.0,260.35,JB Hi-Fi,retail,AU,9.0,500.1,0,1,21,3342,0
TXN00285,Iris Taylor,2026-03-09 11:49:00,1773056940.0,468.69,JB Hi-Fi,electronics,AU,48.7,198.2,0,1,70,3270,0
TXN00286,David Brown,2026-01-08 07:36:00,1767857760.0,677.13,Coles,grocery,AU,17.7,1218.1,0,1,55,1332,0
TXN00287,Henry Moore,2026-03-31 11:58:00,1774958280.0,474.7,Netflix,grocery,AU,47.4,837.8,0,1,52,1295,0
TXN00288,David Brown,2026-01-05 02:03:00,1767578580.0,189.7,BWS,liquor,AU,1.0,719.6,0,1,69,564,0
TXN00289,Frank Miller,2026-01-23 10:03:00,1769162580.0,22.4,BWS,retail,AU,38.7,1228.1,0,1,63,2742,0
TXN00290,Frank Miller,2026-01-13 10:19:00,1768299540.0,261.15,Apple Store,streaming,AU,36.6,662.9,0,1,29,2926,0
TXN00291,Carol White,2026-03-30 19:50:00,1774900200.0,288.32,Chemist Warehouse,grocery,AU,18.9,1072.9,0,1,64,37,0
TXN00292,Jack Anderson,2026-03-15 12:54:00,1773579240.0,794.46,Netflix,grocery,AU,9.1,499.1,0,1,24,2062,0
TXN00293,Frank Miller,2026-04-06 02:15:00,1775441700.0,280.37,Woolworths,food_delivery,AU,8.4,1281.7,0,1,46,76,0
TXN00294,Grace Wilson,2026-02-01 22:04:00,1769983440.0,283.28,Apple Store,streaming,AU,36.0,126.4,0,1,28,1725,0
TXN00295,Henry Moore,2026-02-18 11:34:00,1771414440.0,303.03,JB Hi-Fi,grocery,AU,39.4,857.7,0,1,22,3303,0
TXN00296,Bob Smith,2026-02-07 00:20:00,1770423600.0,212.34,Dan Murphy,grocery,AU,3.7,294.7,0,1,53,411,0
TXN00297,Frank Miller,2026-03-20 15:45:00,1774021500.0,29.61,Amazon,retail,AU,30.4,659.2,0,1,31,808,0
TXN00298,Grace Wilson,2026-03-12 23:59:00,1773359940.0,584.6,Woolworths,retail,AU,33.0,470.4,0,1,54,2281,0
TXN00299,David Brown,2026-01-20 01:23:00,1768872180.0,8.03,Netflix,pharmacy,AU,14.7,973.6,0,1,24,135,0
TXN00300,Emma Davis,2026-03-23 09:05:00,1774256700.0,381.02,Apple Store,streaming,AU,15.4,608.5,0,1,23,2659,0
TXN00301,David Brown,2026-01-24 11:56:00,1769255760.0,307.87,Apple Store,electronics,AU,22.3,423.3,0,1,71,1130,0
TXN00302,Iris Taylor,2026-01-20 22:42:00,1768948920.0,81.78,Netflix,grocery,AU,40.4,631.3,0,1,21,3473,0
TXN00303,Grace Wilson,2026-03-08 13:34:00,1772976840.0,550.53,Chemist Warehouse,retail,AU,28.6,385.2,0,1,75,3527,0
TXN00304,David Brown,2026-03-06 18:57:00,1772823420.0,415.35,Coles,grocery,AU,6.0,1104.9,0,1,69,819,0
TXN00305,Grace Wilson,2026-02-24 02:43:00,1771900980.0,350.7,Woolworths,retail,AU,41.7,415.9,0,1,53,1657,0
TXN00306,Grace Wilson,2026-04-20 08:33:00,1776673980.0,368.78,Uber Eats,food_delivery,AU,39.3,919.8,0,1,25,1727,0
TXN00307,Emma Davis,2026-03-14 18:37:00,1773513420.0,607.15,Woolworths,food_delivery,AU,46.2,836.5,0,1,73,2223,0
TXN00308,Grace Wilson,2026-04-23 13:16:00,1776950160.0,309.14,Coles,electronics,AU,28.6,712.8,0,1,27,2562,0
TXN00309,Frank Miller,2026-03-30 12:02:00,1774872120.0,319.26,Apple Store,electronics,AU,34.5,128.0,0,1,19,1413,0
TXN00310,Henry Moore,2026-02-08 09:17:00,1770542220.0,674.22,Chemist Warehouse,streaming,AU,48.6,374.6,0,1,67,3412,0
TXN00311,Henry Moore,2026-04-04 13:38:00,1775309880.0,517.57,Dan Murphy,streaming,AU,22.1,1320.5,0,1,66,2145,0
TXN00312,Iris Taylor,2026-04-16 01:32:00,1776303120.0,633.44,Coles,food_delivery,AU,15.6,759.4,0,1,74,2359,0
TXN00313,Henry Moore,2026-01-25 06:53:00,1769323980.0,1041.98,Chemist Warehouse,electronics,US,929.8,2.1,2,0,50,1655,1
TXN00314,Iris Taylor,2026-01-16 21:01:00,1768597260.0,197.1,Apple Store,liquor,AU,29.7,305.1,0,1,40,1440,0
TXN00315,Jack Anderson,2026-04-25 08:47:00,1777106820.0,664.71,Coles,food_delivery,AU,14.3,593.5,0,1,67,907,0
TXN00316,Carol White,2026-03-24 07:43:00,1774338180.0,169.14,Amazon,pharmacy,AU,25.7,1253.2,0,1,59,739,0
TXN00317,Grace Wilson,2026-01-02 07:16:00,1767338160.0,488.03,Chemist Warehouse,pharmacy,AU,35.6,1038.9,0,1,72,1458,0
TXN00318,Jack Anderson,2026-01-28 14:19:00,1769609940.0,542.69,BWS,liquor,AU,29.2,70.1,0,1,56,1187,0
TXN00319,Emma Davis,2026-01-14 15:04:00,1768403040.0,272.01,Chemist Warehouse,streaming,AU,32.0,1248.9,0,1,30,644,0
TXN00320,Henry Moore,2026-01-31 01:51:00,1769824260.0,685.71,Amazon,streaming,AU,33.0,999.4,0,1,36,1092,0
TXN00321,Henry Moore,2026-02-21 12:47:00,1771678020.0,33.04,Uber Eats,streaming,AU,17.2,1044.4,0,1,60,1498,0
TXN00322,Iris Taylor,2026-04-19 05:53:00,1776577980.0,527.15,Chemist Warehouse,streaming,AU,14.7,709.7,0,1,66,779,0
TXN00323,Emma Davis,2026-02-12 20:05:00,1770926700.0,181.47,BWS,electronics,AU,37.2,483.8,0,1,55,1234,0
TXN00324,Grace Wilson,2026-01-16 15:03:00,1768575780.0,692.92,Woolworths,food_delivery,AU,23.6,328.5,0,1,51,1252,0
TXN00325,Frank Miller,2026-04-22 04:08:00,1776830880.0,792.92,Apple Store,grocery,AU,20.5,845.8,0,1,73,2961,0
TXN00326,David Brown,2026-01-11 15:21:00,1768144860.0,506.04,Apple Store,electronics,AU,15.7,140.1,0,1,66,3198,0
TXN00327,Grace Wilson,2026-04-08 05:31:00,1775626260.0,628.46,Dan Murphy,pharmacy,AU,6.5,658.5,0,1,48,1600,0
TXN00328,David Brown,2026-03-10 06:46:00,1773125160.0,2366.65,Amazon,streaming,US,6933.2,2.9,1,0,32,2870,1
TXN00329,Henry Moore,2026-02-09 04:06:00,1770609960.0,309.54,Chemist Warehouse,electronics,AU,8.4,1196.9,0,1,64,2161,0
TXN00330,David Brown,2026-02-13 13:56:00,1770990960.0,550.3,BWS,food_delivery,AU,17.1,1303.9,0,1,28,3355,0
TXN00331,Frank Miller,2026-01-30 07:46:00,1769759160.0,786.99,Coles,retail,AU,36.7,873.8,0,1,63,2694,0
TXN00332,Alice Johnson,2026-02-18 20:16:00,1771445760.0,617.37,Woolworths,streaming,AU,29.7,126.2,0,1,21,2855,0
TXN00333,Bob Smith,2026-02-26 12:07:00,1772107620.0,3098.04,Chemist Warehouse,pharmacy,NG,2246.7,3.6,1,0,60,2161,1
TXN00334,Bob Smith,2026-03-19 22:08:00,1773958080.0,337.55,Chemist Warehouse,retail,AU,25.6,912.4,0,1,49,843,0
TXN00335,Iris Taylor,2026-04-10 08:53:00,1775811180.0,420.38,Coles,retail,AU,17.9,625.5,0,1,49,880,0
TXN00336,Bob Smith,2026-03-03 10:15:00,1772532900.0,7.17,Apple Store,grocery,AU,45.3,1212.6,0,1,67,2125,0
TXN00337,Carol White,2026-04-03 03:57:00,1775188620.0,1874.49,Amazon,retail,GB,8903.7,1.8,4,0,73,191,1
TXN00338,Carol White,2026-02-16 21:20:00,1771276800.0,343.24,Amazon,retail,AU,4.7,1106.3,0,1,60,2680,0
TXN00339,Grace Wilson,2026-02-15 14:39:00,1771166340.0,218.04,Woolworths,pharmacy,AU,18.6,533.0,0,1,47,1143,0
TXN00340,Carol White,2026-03-30 15:51:00,1774885860.0,339.86,Amazon,food_delivery,AU,5.7,1020.7,0,1,24,1734,0
TXN00341,Henry Moore,2026-03-03 18:43:00,1772563380.0,352.9,Coles,pharmacy,AU,39.0,903.7,0,1,25,1714,0
TXN00342,Iris Taylor,2026-01-09 08:41:00,1767948060.0,254.5,BWS,liquor,AU,48.9,984.4,0,1,62,2899,0
TXN00343,Iris Taylor,2026-02-25 21:46:00,1772055960.0,202.37,Coles,food_delivery,AU,33.2,945.1,0,1,75,2540,0
TXN00344,Alice Johnson,2026-03-24 05:32:00,1774330320.0,4364.3,BWS,electronics,NG,1136.4,2.7,2,0,50,942,1
TXN00345,Henry Moore,2026-02-18 12:52:00,1771419120.0,191.59,Woolworths,food_delivery,AU,22.2,850.8,0,1,46,1324,0
TXN00346,Emma Davis,2026-03-05 23:41:00,1772754060.0,874.61,Netflix,liquor,NG,804.6,3.0,1,0,74,2112,1
TXN00347,Iris Taylor,2026-03-25 21:29:00,1774474140.0,759.58,Apple Store,electronics,AU,41.3,1186.9,0,1,67,2568,0
TXN00348,Frank Miller,2026-04-02 21:23:00,1775164980.0,573.44,Amazon,electronics,AU,4.9,969.3,0,1,71,2625,0
TXN00349,Grace Wilson,2026-02-07 17:33:00,1770485580.0,301.87,Coles,food_delivery,AU,2.3,286.5,0,1,24,1071,0
TXN00350,Grace Wilson,2026-01-25 03:59:00,1769313540.0,681.64,BWS,retail,AU,22.9,1138.4,0,1,20,2623,0
TXN00351,Alice Johnson,2026-03-17 03:49:00,1773719340.0,713.05,Coles,pharmacy,AU,32.9,1379.5,0,1,51,3045,0
TXN00352,Jack Anderson,2026-02-25 18:30:00,1772044200.0,4681.43,Dan Murphy,streaming,GB,1976.0,4.2,1,0,56,3645,1
TXN00353,Carol White,2026-04-23 12:26:00,1776947160.0,782.72,Chemist Warehouse,pharmacy,AU,13.7,1389.8,0,1,26,1720,0
TXN00354,David Brown,2026-04-24 23:32:00,1777073520.0,242.34,JB Hi-Fi,grocery,AU,35.6,1351.0,0,1,57,2956,0
TXN00355,Bob Smith,2026-02-14 21:08:00,1771103280.0,784.18,BWS,streaming,AU,25.2,1018.2,0,1,66,1472,0
TXN00356,Bob Smith,2026-03-16 18:42:00,1773686520.0,568.84,Amazon,liquor,AU,43.9,642.9,0,1,19,1590,0
TXN00357,Alice Johnson,2026-03-27 01:12:00,1774573920.0,216.98,Coles,food_delivery,AU,49.2,1003.1,0,1,62,3242,0
TXN00358,David Brown,2026-04-07 17:02:00,1775581320.0,289.79,Uber Eats,food_delivery,AU,5.1,1257.9,0,1,65,2680,0
TXN00359,Grace Wilson,2026-01-31 16:50:00,1769878200.0,637.69,Dan Murphy,pharmacy,AU,34.6,124.8,0,1,68,2836,0
TXN00360,David Brown,2026-03-12 01:00:00,1773277200.0,595.47,Apple Store,food_delivery,AU,31.0,1137.7,0,1,58,2916,0
TXN00361,Carol White,2026-02-17 18:34:00,1771353240.0,591.33,Chemist Warehouse,pharmacy,AU,38.8,1390.7,0,1,61,335,0
TXN00362,Jack Anderson,2026-01-23 23:32:00,1769211120.0,99.77,Coles,grocery,AU,21.4,828.1,0,1,72,1074,0
TXN00363,Jack Anderson,2026-03-01 22:59:00,1772405940.0,1450.03,Chemist Warehouse,pharmacy,GB,5573.5,4.0,5,0,53,1496,1
TXN00364,Grace Wilson,2026-04-01 10:33:00,1775039580.0,1723.62,Uber Eats,liquor,GB,1079.5,2.8,4,0,23,1461,1
TXN00365,Iris Taylor,2026-01-28 21:21:00,1769635260.0,267.87,Uber Eats,pharmacy,AU,10.9,1098.7,0,1,70,3110,0
TXN00366,Alice Johnson,2026-01-02 03:42:00,1767325320.0,279.73,Netflix,grocery,AU,45.2,906.9,0,1,61,1344,0
TXN00367,Iris Taylor,2026-04-12 03:24:00,1775964240.0,208.73,BWS,liquor,AU,1.2,773.3,0,1,46,2023,0
TXN00368,Bob Smith,2026-04-25 20:12:00,1777147920.0,2144.99,Uber Eats,retail,US,1922.9,4.8,5,0,31,2775,1
TXN00369,Bob Smith,2026-01-28 21:27:00,1769635620.0,668.52,Dan Murphy,streaming,AU,26.9,1029.8,0,1,65,2840,0
TXN00370,Jack Anderson,2026-02-28 22:21:00,1772317260.0,35.08,Uber Eats,retail,AU,2.7,1156.0,0,1,70,962,0
TXN00371,Alice Johnson,2026-02-22 12:28:00,1771763280.0,505.39,Woolworths,liquor,AU,15.8,597.5,0,1,59,2980,0
TXN00372,Emma Davis,2026-04-07 23:37:00,1775605020.0,41.14,Chemist Warehouse,food_delivery,AU,17.9,753.9,0,1,56,384,0
TXN00373,Grace Wilson,2026-02-26 12:25:00,1772108700.0,657.77,Coles,streaming,AU,23.7,796.2,0,1,68,3296,0
TXN00374,Bob Smith,2026-02-07 20:09:00,1770494940.0,241.66,Uber Eats,grocery,AU,47.9,75.4,0,1,20,50,0
TXN00375,Grace Wilson,2026-02-20 17:35:00,1771608900.0,756.9,BWS,grocery,AU,10.5,1083.2,0,1,75,2675,0
TXN00376,Alice Johnson,2026-01-19 05:11:00,1768799460.0,180.31,Netflix,food_delivery,AU,9.7,310.3,0,1,72,3106,0
TXN00377,Jack Anderson,2026-03-12 14:41:00,1773326460.0,441.43,JB Hi-Fi,streaming,AU,33.6,405.9,0,1,49,1385,0
TXN00378,Jack Anderson,2026-03-27 20:15:00,1774642500.0,84.44,Apple Store,electronics,AU,45.0,498.5,0,1,60,1282,0
TXN00379,David Brown,2026-01-20 18:36:00,1768934160.0,294.41,BWS,grocery,AU,47.9,292.7,0,1,63,3060,0
TXN00380,Emma Davis,2026-02-05 11:08:00,1770289680.0,544.59,BWS,food_delivery,AU,43.9,698.7,0,1,49,2289,0
TXN00381,Iris Taylor,2026-03-24 19:05:00,1774379100.0,4334.69,Woolworths,retail,GB,2169.7,3.8,1,0,58,157,1
TXN00382,Carol White,2026-03-16 12:49:00,1773665340.0,473.49,Uber Eats,pharmacy,AU,27.6,810.0,0,1,41,1637,0
TXN00383,Iris Taylor,2026-04-09 18:46:00,1775760360.0,685.59,Dan Murphy,electronics,AU,23.2,764.4,0,1,18,2744,0
TXN00384,Carol White,2026-04-14 19:43:00,1776195780.0,136.68,Netflix,streaming,AU,22.3,307.2,0,1,65,3028,0
TXN00385,David Brown,2026-02-15 01:14:00,1771118040.0,609.61,Amazon,streaming,AU,3.1,569.8,0,1,51,3271,0
TXN00386,Emma Davis,2026-03-02 14:56:00,1772463360.0,41.87,Chemist Warehouse,food_delivery,AU,5.2,1396.4,0,1,55,2259,0
TXN00387,Grace Wilson,2026-02-18 20:24:00,1771446240.0,295.05,JB Hi-Fi,liquor,AU,25.8,579.3,0,1,40,3377,0
TXN00388,Emma Davis,2026-03-04 15:56:00,1772639760.0,484.74,Uber Eats,streaming,AU,22.0,377.4,0,1,31,645,0
TXN00389,Henry Moore,2026-02-16 19:45:00,1771271100.0,653.66,Woolworths,pharmacy,AU,20.7,515.7,0,1,48,893,0
TXN00390,Jack Anderson,2026-03-24 13:01:00,1774357260.0,198.47,Uber Eats,retail,AU,28.7,282.4,0,1,27,259,0
TXN00391,David Brown,2026-01-24 16:25:00,1769271900.0,480.89,Chemist Warehouse,retail,AU,43.9,1064.6,0,1,46,2514,0
TXN00392,Iris Taylor,2026-04-22 15:10:00,1776870600.0,179.17,Coles,liquor,AU,30.0,1156.6,0,1,34,716,0
TXN00393,Iris Taylor,2026-02-13 14:38:00,1770993480.0,473.93,Amazon,grocery,AU,18.9,242.5,0,1,73,2095,0
TXN00394,Bob Smith,2026-04-16 04:38:00,1776314280.0,81.46,Uber Eats,liquor,AU,45.1,887.7,0,1,23,2005,0
TXN00395,Iris Taylor,2026-03-19 17:52:00,1773942720.0,5.95,Amazon,streaming,AU,26.1,571.1,0,1,45,969,0
TXN00396,Bob Smith,2026-03-03 12:22:00,1772540520.0,472.7,JB Hi-Fi,food_delivery,AU,21.3,411.2,0,1,36,2480,0
TXN00397,David Brown,2026-02-22 08:12:00,1771747920.0,9.34,Amazon,pharmacy,AU,28.9,222.6,0,1,62,3324,0
TXN00398,Jack Anderson,2026-02-16 03:09:00,1771211340.0,343.3,Netflix,electronics,AU,13.1,799.8,0,1,35,2817,0
TXN00399,Emma Davis,2026-01-27 13:35:00,1769520900.0,627.33,Apple Store,electronics,AU,8.9,831.5,0,1,54,1440,0
TXN00400,David Brown,2026-02-20 23:08:00,1771628880.0,683.87,Coles,retail,AU,37.4,676.3,0,1,50,1670,0
TXN00401,Bob Smith,2026-04-13 17:39:00,1776101940.0,558.46,Amazon,food_delivery,AU,8.0,1391.1,0,1,70,625,0
TXN00402,Jack Anderson,2026-03-18 13:05:00,1773839100.0,55.88,Dan Murphy,pharmacy,AU,18.5,900.5,0,1,59,2164,0
TXN00403,David Brown,2026-03-18 01:49:00,1773798540.0,656.26,Uber Eats,electronics,AU,21.9,338.4,0,1,20,3241,0
TXN00404,Emma Davis,2026-03-08 22:14:00,1773008040.0,493.46,Coles,retail,AU,18.0,963.9,0,1,67,1666,0
TXN00405,Emma Davis,2026-02-20 12:37:00,1771591020.0,164.05,Woolworths,liquor,AU,36.8,154.7,0,1,64,3428,0
TXN00406,Jack Anderson,2026-03-16 11:22:00,1773660120.0,769.85,Apple Store,pharmacy,AU,11.3,1389.0,0,1,18,1099,0
TXN00407,Iris Taylor,2026-03-06 03:35:00,1772768100.0,62.47,Uber Eats,electronics,AU,17.0,221.5,0,1,70,3279,0
TXN00408,Henry Moore,2026-03-30 14:24:00,1774880640.0,452.16,Apple Store,streaming,AU,37.9,1386.5,0,1,75,2433,0
TXN00409,Frank Miller,2026-03-03 03:16:00,1772507760.0,58.64,BWS,pharmacy,AU,33.8,377.3,0,1,51,2224,0
TXN00410,David Brown,2026-04-17 08:15:00,1776413700.0,2006.33,BWS,electronics,NG,1146.2,4.7,4,0,75,2379,1
TXN00411,Emma Davis,2026-04-06 21:59:00,1775512740.0,727.48,JB Hi-Fi,food_delivery,AU,36.9,384.1,0,1,31,968,0
TXN00412,Alice Johnson,2026-02-01 19:22:00,1769973720.0,128.86,Apple Store,liquor,AU,6.0,168.3,0,1,66,3540,0
TXN00413,Emma Davis,2026-01-06 15:23:00,1767712980.0,497.81,Netflix,food_delivery,AU,44.9,1275.8,0,1,49,779,0
TXN00414,Alice Johnson,2026-03-07 08:25:00,1772871900.0,181.34,Apple Store,liquor,AU,2.7,1163.0,0,1,50,1452,0
TXN00415,Jack Anderson,2026-03-29 05:29:00,1774762140.0,780.35,JB Hi-Fi,pharmacy,AU,15.8,71.6,0,1,24,1362,0
TXN00416,Carol White,2026-04-21 08:11:00,1776759060.0,440.56,BWS,electronics,AU,13.5,1382.8,0,1,49,1766,0
TXN00417,David Brown,2026-03-31 11:23:00,1774956180.0,683.33,Netflix,streaming,AU,22.5,848.5,0,1,70,439,0
TXN00418,Alice Johnson,2026-04-13 07:35:00,1776065700.0,348.18,Coles,pharmacy,AU,9.8,1164.1,0,1,29,1756,0
TXN00419,Jack Anderson,2026-04-25 20:33:00,1777149180.0,428.98,Uber Eats,food_delivery,AU,39.3,474.0,0,1,21,1661,0
TXN00420,Iris Taylor,2026-01-21 01:13:00,1768957980.0,4217.22,BWS,liquor,NG,4323.8,2.0,3,0,69,1085,1
TXN00421,Emma Davis,2026-02-22 03:22:00,1771730520.0,693.69,Uber Eats,grocery,AU,28.8,956.8,0,1,40,1361,0
TXN00422,Carol White,2026-03-04 23:28:00,1772666880.0,711.37,Coles,food_delivery,AU,30.7,700.0,0,1,58,3338,0
TXN00423,Emma Davis,2026-02-23 20:39:00,1771879140.0,458.88,BWS,electronics,AU,4.0,534.2,0,1,63,1125,0
TXN00424,Carol White,2026-02-20 08:56:00,1771577760.0,358.25,Apple Store,pharmacy,AU,37.4,778.9,0,1,29,3528,0
TXN00425,Alice Johnson,2026-04-04 07:42:00,1775288520.0,1856.67,Apple Store,liquor,US,1918.7,1.0,1,0,19,3187,1
TXN00426,David Brown,2026-04-08 02:06:00,1775613960.0,213.39,Dan Murphy,electronics,AU,4.2,1345.6,0,1,33,3051,0
TXN00427,Henry Moore,2026-03-22 04:08:00,1774152480.0,423.23,BWS,food_delivery,AU,1.4,975.7,0,1,47,3597,0
TXN00428,Iris Taylor,2026-02-04 17:28:00,1770226080.0,112.28,Netflix,pharmacy,AU,29.5,690.0,0,1,58,2649,0
TXN00429,Emma Davis,2026-02-14 15:34:00,1771083240.0,185.34,Chemist Warehouse,grocery,AU,22.1,564.8,0,1,18,30,0
TXN00430,Alice Johnson,2026-04-08 04:22:00,1775622120.0,232.69,Apple Store,electronics,AU,34.4,738.9,0,1,67,1793,0
TXN00431,David Brown,2026-03-18 07:50:00,1773820200.0,10.73,Dan Murphy,pharmacy,AU,9.4,1277.4,0,1,28,2958,0
TXN00432,Emma Davis,2026-02-19 12:14:00,1771503240.0,213.81,Netflix,food_delivery,AU,31.3,772.9,0,1,36,2686,0
TXN00433,Henry Moore,2026-04-14 08:26:00,1776155160.0,154.27,Apple Store,liquor,AU,9.1,459.6,0,1,35,2899,0
TXN00434,Henry Moore,2026-01-25 10:01:00,1769335260.0,125.81,Chemist Warehouse,grocery,AU,9.3,201.1,0,1,64,63,0
TXN00435,Alice Johnson,2026-01-20 00:31:00,1768869060.0,177.45,BWS,pharmacy,AU,15.6,1163.3,0,1,39,358,0
TXN00436,Grace Wilson,2026-01-19 01:17:00,1768785420.0,620.87,Chemist Warehouse,food_delivery,AU,27.2,310.6,0,1,71,81,0
TXN00437,Bob Smith,2026-04-09 22:15:00,1775772900.0,310.53,JB Hi-Fi,pharmacy,AU,12.4,1432.5,0,1,51,2757,0
TXN00438,Bob Smith,2026-03-02 12:43:00,1772455380.0,768.2,Uber Eats,liquor,AU,7.9,1065.0,0,1,34,2001,0
TXN00439,Alice Johnson,2026-01-26 11:56:00,1769428560.0,46.36,Dan Murphy,electronics,AU,48.7,385.6,0,1,28,3283,0
TXN00440,Frank Miller,2026-01-16 12:50:00,1768567800.0,198.01,Netflix,grocery,AU,29.1,1013.2,0,1,67,396,0
TXN00441,Bob Smith,2026-03-05 02:43:00,1772678580.0,496.2,Uber Eats,food_delivery,AU,3.0,949.5,0,1,26,2028,0
TXN00442,Carol White,2026-03-13 20:48:00,1773434880.0,280.77,Dan Murphy,electronics,AU,36.7,89.5,0,1,34,191,0
TXN00443,Henry Moore,2026-02-26 17:18:00,1772126280.0,435.93,BWS,electronics,AU,9.5,317.5,0,1,35,3583,0
TXN00444,Henry Moore,2026-04-21 17:10:00,1776791400.0,59.69,Uber Eats,electronics,AU,22.5,1190.8,0,1,18,3208,0
TXN00445,Iris Taylor,2026-02-18 23:11:00,1771456260.0,706.05,Woolworths,streaming,AU,38.8,389.5,0,1,70,1617,0
TXN00446,Iris Taylor,2026-03-29 15:49:00,1774799340.0,442.87,Woolworths,retail,AU,16.1,944.4,0,1,60,303,0
TXN00447,Jack Anderson,2026-01-17 05:55:00,1768629300.0,931.32,Apple Store,liquor,US,2128.7,0.6,4,0,62,2447,1
TXN00448,Bob Smith,2026-02-16 07:38:00,1771227480.0,574.97,Apple Store,food_delivery,AU,46.5,348.1,0,1,47,3310,0
TXN00449,Jack Anderson,2026-02-16 17:47:00,1771264020.0,749.97,Amazon,food_delivery,AU,41.1,1156.1,0,1,35,2196,0
TXN00450,Iris Taylor,2026-01-10 09:04:00,1768035840.0,4766.39,JB Hi-Fi,grocery,RU,1360.4,1.5,4,0,60,1048,1
TXN00451,Grace Wilson,2026-01-23 17:47:00,1769190420.0,448.16,Apple Store,streaming,AU,38.3,855.7,0,1,74,456,0
TXN00452,Iris Taylor,2026-01-24 17:25:00,1769275500.0,405.73,BWS,electronics,AU,26.7,887.9,0,1,38,3490,0
TXN00453,Iris Taylor,2026-04-08 20:27:00,1775680020.0,660.97,JB Hi-Fi,pharmacy,AU,30.4,837.1,0,1,65,1070,0
TXN00454,Emma Davis,2026-02-27 14:25:00,1772202300.0,5.16,Uber Eats,grocery,AU,49.1,882.2,0,1,18,1260,0
TXN00455,Carol White,2026-01-28 10:01:00,1769594460.0,617.59,Netflix,liquor,AU,46.0,765.6,0,1,24,184,0
TXN00456,Grace Wilson,2026-01-20 04:16:00,1768882560.0,296.46,Woolworths,liquor,AU,11.6,1179.3,0,1,54,920,0
TXN00457,Bob Smith,2026-04-03 10:50:00,1775213400.0,388.13,Netflix,food_delivery,AU,41.3,1011.6,0,1,56,2660,0
TXN00458,Bob Smith,2026-04-04 18:24:00,1775327040.0,67.31,Dan Murphy,pharmacy,AU,46.1,521.5,0,1,73,3185,0
TXN00459,Jack Anderson,2026-03-25 19:59:00,1774468740.0,14.08,BWS,liquor,AU,2.7,783.6,0,1,27,1368,0
TXN00460,Bob Smith,2026-01-29 04:03:00,1769659380.0,539.87,Netflix,liquor,AU,48.6,1098.9,0,1,32,1799,0
TXN00461,Bob Smith,2026-02-20 04:08:00,1771560480.0,271.92,Dan Murphy,electronics,AU,28.6,128.0,0,1,43,2085,0
TXN00462,Jack Anderson,2026-03-31 04:48:00,1774932480.0,112.09,JB Hi-Fi,liquor,AU,24.4,960.1,0,1,65,2177,0
TXN00463,David Brown,2026-01-10 08:49:00,1768034940.0,346.47,BWS,electronics,AU,5.6,630.7,0,1,38,1441,0
TXN00464,Frank Miller,2026-01-04 09:10:00,1767517800.0,789.2,JB Hi-Fi,grocery,AU,31.2,667.8,0,1,27,3133,0
TXN00465,Bob Smith,2026-01-11 03:47:00,1768103220.0,48.3,Amazon,electronics,AU,43.4,1191.8,0,1,37,1873,0
TXN00466,Jack Anderson,2026-02-12 06:47:00,1770878820.0,432.18,Uber Eats,pharmacy,AU,27.3,1095.5,0,1,64,608,0
TXN00467,Jack Anderson,2026-03-27 00:24:00,1774571040.0,467.91,JB Hi-Fi,food_delivery,AU,12.8,143.0,0,1,35,247,0
TXN00468,Grace Wilson,2026-01-02 02:24:00,1767320640.0,529.34,Dan Murphy,grocery,AU,43.2,86.3,0,1,50,2936,0
TXN00469,David Brown,2026-02-10 15:55:00,1770738900.0,3307.25,Amazon,retail,US,2190.4,4.9,5,0,51,1278,1
TXN00470,Alice Johnson,2026-02-20 23:10:00,1771629000.0,19.59,Uber Eats,electronics,AU,17.8,477.2,0,1,58,1085,0
TXN00471,Grace Wilson,2026-04-24 00:35:00,1776990900.0,758.6,Coles,retail,AU,7.6,1298.1,0,1,51,2807,0
TXN00472,Henry Moore,2026-03-22 21:14:00,1774214040.0,336.36,Netflix,electronics,AU,21.3,491.1,0,1,52,569,0
TXN00473,Grace Wilson,2026-01-18 18:34:00,1768761240.0,548.13,Uber Eats,grocery,AU,43.1,486.4,0,1,67,624,0
TXN00474,Alice Johnson,2026-03-14 05:20:00,1773465600.0,58.84,Coles,streaming,AU,9.2,1218.5,0,1,66,1335,0
TXN00475,Alice Johnson,2026-02-22 13:19:00,1771766340.0,356.75,Coles,grocery,AU,7.6,319.3,0,1,66,2536,0
TXN00476,Henry Moore,2026-03-19 18:39:00,1773945540.0,188.34,Woolworths,streaming,AU,11.5,96.0,0,1,26,2087,0
TXN00477,Alice Johnson,2026-03-02 22:41:00,1772491260.0,301.92,JB Hi-Fi,grocery,AU,24.6,249.8,0,1,44,3161,0
TXN00478,Jack Anderson,2026-02-04 13:14:00,1770210840.0,594.44,Apple Store,food_delivery,AU,37.9,151.3,0,1,49,2847,0
TXN00479,Jack Anderson,2026-02-28 07:27:00,1772263620.0,326.46,BWS,pharmacy,AU,30.4,1197.6,0,1,65,2372,0
TXN00480,Iris Taylor,2026-03-09 20:56:00,1773089760.0,564.07,Amazon,grocery,AU,26.0,683.2,0,1,52,1650,0
TXN00481,Emma Davis,2026-01-06 17:24:00,1767720240.0,414.8,Chemist Warehouse,food_delivery,AU,9.5,666.6,0,1,47,711,0
TXN00482,Iris Taylor,2026-03-20 01:44:00,1773971040.0,415.47,Woolworths,streaming,AU,23.2,951.6,0,1,25,766,0
TXN00483,David Brown,2026-04-25 22:34:00,1777156440.0,112.43,Apple Store,liquor,AU,16.2,94.4,0,1,74,1892,0
TXN00484,Grace Wilson,2026-02-11 22:41:00,1770849660.0,4609.18,Woolworths,liquor,GB,1275.1,3.7,3,0,64,3270,1
TXN00485,Carol White,2026-03-20 05:24:00,1773984240.0,441.97,Netflix,food_delivery,AU,38.4,1318.9,0,1,28,3588,0
TXN00486,Carol White,2026-04-09 22:03:00,1775772180.0,338.15,Chemist Warehouse,streaming,AU,36.5,1386.1,0,1,25,568,0
TXN00487,Henry Moore,2026-01-01 19:48:00,1767296880.0,205.97,Amazon,liquor,AU,24.9,748.1,0,1,33,918,0
TXN00488,Iris Taylor,2026-03-02 14:26:00,1772461560.0,355.85,Netflix,streaming,AU,12.2,815.3,0,1,70,3410,0
TXN00489,Jack Anderson,2026-01-24 04:03:00,1769227380.0,523.7,Netflix,food_delivery,AU,7.3,104.8,0,1,37,1386,0
TXN00490,Iris Taylor,2026-01-07 03:26:00,1767756360.0,794.03,Netflix,liquor,AU,33.6,903.3,0,1,29,1895,0
TXN00491,Grace Wilson,2026-02-16 01:05:00,1771203900.0,615.2,Woolworths,food_delivery,AU,18.4,582.9,0,1,71,2284,0
TXN00492,Bob Smith,2026-03-02 04:07:00,1772424420.0,3716.71,Netflix,retail,SG,4979.9,2.9,2,0,54,3018,1
TXN00493,Jack Anderson,2026-03-09 02:30:00,1773023400.0,579.91,Chemist Warehouse,liquor,AU,21.4,1230.0,0,1,57,1479,0
TXN00494,Emma Davis,2026-03-20 18:31:00,1774031460.0,417.65,Netflix,grocery,AU,24.6,308.3,0,1,30,36,0
TXN00495,David Brown,2026-03-01 20:50:00,1772398200.0,1295.17,BWS,liquor,GB,8991.4,2.4,3,0,18,2653,1
TXN00496,Frank Miller,2026-02-06 08:50:00,1770367800.0,58.86,Amazon,retail,AU,25.3,507.0,0,1,39,1652,0
TXN00497,Alice Johnson,2026-03-20 00:53:00,1773967980.0,144.45,Apple Store,pharmacy,AU,41.7,1332.7,0,1,59,586,0
TXN00498,Iris Taylor,2026-03-22 14:57:00,1774191420.0,691.99,Amazon,food_delivery,AU,23.1,1183.5,0,1,37,2344,0
TXN00499,Carol White,2026-02-10 17:34:00,1770744840.0,19.86,BWS,retail,AU,40.0,1285.5,0,1,35,3473,0
TXN00500,Alice Johnson,2026-02-18 20:34:00,1771446840.0,4337.26,BWS,streaming,RU,3811.3,3.2,3,0,35,1725,1
